Region,Ascidian,CCA,Cyanobacteria,Hydrozoan,Macroalgae,Octocoral,Other.mobile.invertebrates,Scleractinian,Sponge,Stable.substrate,Turf,Unstable.substrate,Zoanthid
Dongsha,2.42E-05,0.180566244,0.00076866,0.005315494,0.005939027,0.109927342,9.13E-05,0.312968381,0.000576247,0.070899185,0.269584018,0.042052767,0.001287173
East,0,0.215222876,0.000164032,0.022464431,0.013789867,0.077311496,0.000328716,0.133090889,0.002369669,0.004327375,0.466010399,0.058330399,0.006589851
Ludao,0.000178582,0.144952462,0.00011613,0.024540802,0.003437635,0.107374487,7.87E-05,0.324547586,0.00220253,0.024133632,0.32060881,0.045106549,0.002722123
Kenting,1.13E-05,0.15369339,0.001313019,0.025092875,0.007814021,0.068362694,0.000650172,0.229713534,0.000759561,0.009484608,0.473833198,0.027870258,0.001401378
North,1.97E-05,0.307221141,0.001607312,0.001506414,0.023795133,0.019786111,0.000238449,0.16371965,0.002871693,0.007521965,0.407773678,0.043861496,0.020077293
Lanyu,0,0.181164736,5.85E-05,0.007625285,0.001982446,0.03922092,0.000350705,0.257408907,0.003257363,0.027895916,0.420335783,0.058595664,0.002103814
Penghu,0,0.11760462,2.26E-05,0.00073263,0.002523781,0.043615303,0.000352396,0.275737672,0.001597104,0.00148938,0.430580286,0.111999672,0.013744529
Xiaoliuqiu,2.67E-05,0.151643646,0.00020503,0.003175353,0.009212264,0.00862679,0.005032604,0.08281867,0.000587849,0.005356334,0.635740961,0.095814858,0.001758922
National_average,3.26E-05,1.82E-01,5.32E-04,1.13E-02,8.56E-03,5.93E-02,8.90E-04,2.23E-01,1.78E-03,1.89E-02,4.28E-01,6.05E-02,6.21E-03